,country,jan_temp,feb_temp,mar_temp,apr_temp,may_temp,jun_temp,july_temp,aug_temp,sept_temp,oct_temp,nov_temp,dec_temp,annual_temp,Jan_precip,Feb_precip,Mar_precip,Apr_precip,May_precip,Jun_precip,July_precip,Aug_precip,Sept_precip,Oct_precip,Nov_precip,Dec_precip,Annual_precip,airport_traffic_2018_thousands,property_Affordability_Index,Health_Care_Index,hosp_beds_per_1000_2017,ICU-CCB_beds_per_100000,Population_2020,Density_KM2m,Fertility_rate,Median_age,Urban_pop_pct,gdp_usd_million,age_0_to_14_years_percent,age_15_to_64_years_percent,age_over_65_years_percent,sex_male_to_female_At_birth_CIA_estimate_2020,sex_male_to_female_0_14_years,sex_male_to_female_15_24_years,sex_male_to_female_25_54_years,sex_male_to_female_55_64_years,sex_male_to_female_over_65,sex_male_to_female_total,latitude,longitude
0,Afghanistan,0.073058404,2.109406295,7.596974062,13.37023908,18.2163097,23.20131516,25.2585367,23.7665167,19.03457455,12.99264626,7.004094443,2.433516851,12.92145452,43.27564145,49.18457755,64.97141845,49.40662428,24.18248843,4.559184962,8.034325742,7.736402995,3.667419606,9.355273409,15.40912666,31.53937366,311.3218559,1722613,,,,,38928346,60,4.6,18,25%,18734,43.2,54.2,2.6,1.05,1.03,1.03,1.03,0.97,0.85,1.03,33.93911,67.709953
1,Albania,2.023066632,3.218058333,6.035316656,9.917866548,14.44275006,17.92774995,20.53891659,20.47966655,17.15908329,12.265775,7.575808227,3.653616677,11.26980007,107.9994176,102.6258335,93.43308322,86.16250038,74.27391656,54.57916753,39.07499989,45.69633325,67.56849957,105.2614174,138.2641671,138.2958336,1053.235184,303137,0.79,53.05,,,2877797,105,1.6,36,63%,15418,17.4,68.9,13.2,1.08,1.11,1.09,0.93,0.95,0.87,0.98,41.153332,20.168331
2,Algeria,12.12249731,14.79019474,17.91350279,21.93638156,26.41402801,30.79646789,32.53892062,31.97453911,28.8243092,23.33912251,17.30899544,12.95063616,22.57579114,8.991996859,8.603530758,9.393840894,8.036686549,6.555782698,3.373739663,2.065212531,3.687830136,5.128238813,7.328424389,9.528861018,9.279404498,81.97354877,6442442,0.67,54.86,,,43851044,18,3.1,29,73%,172781,29.3,64.5,6.2,1.05,1.05,1.05,1.03,1.01,0.89,1.03,28.033886,1.659626
3,Andorra,,,,,,,,,,,,,,,,,,,,,,,,,,,,,,,,77265,164,N.A.,N.A.,88%,,,,,1.07,1.05,1.08,1.05,1.15,1.02,1.06,42.546245,1.601554
4,Angola,22.58223558,22.68353608,22.78413945,22.35358172,20.7395745,18.37331493,17.94617549,19.90246635,22.18754807,23.18159854,22.78615141,22.6108582,21.51093269,154.9874039,148.5442139,169.9146928,109.0722669,15.14267505,0.372332403,0.321137402,3.413405032,20.10227425,69.76669791,144.5101612,155.1584231,991.3056834,1516628,,,,,32866272,26,5.6,17,67%,91527,46.8,50.8,2.4,1.05,1.04,1.04,1.02,0.94,1.5,1.02,-11.202692,17.873887
5,Antigua and Barbuda,,,,,,,,,,,,,,,,,,,,,,,,,,,580174.2,,,,,97929,223,2,34,26%,1688,23.9,69.2,6.9,1.05,1.03,0.99,0.84,0.82,0.76,0.9,17.060816,-61.796428
6,Argentina,20.80353289,19.89952255,17.51463427,14.04628363,10.64773153,7.657255859,7.421398515,9.015955086,11.52947597,14.67465105,17.54403227,19.8281476,14.21522492,68.37043995,63.65408754,69.53103663,46.48114779,36.28215434,28.08004619,25.89438467,24.09676756,30.07355358,47.7154873,55.56666441,63.30010189,559.0458708,18081937,0.1,69.25,,,45195774,17,2.3,32,93%,445469,24.9,63.9,11.2,1.05,1.06,1.05,1,0.94,0.71,0.98,-38.416097,-63.616672
7,Armenia,-8.663130761,-6.652076905,-0.566409998,6.619723082,11.43230783,15.57938451,19.81930747,19.28430763,14.97000012,7.922046149,1.618720246,-4.8725539,6.374361625,20.84030782,25.92638456,40.10553844,59.73115393,82.84869121,68.04715406,43.06392296,35.96969223,29.42953821,42.12738463,30.79407692,23.39792303,502.2817688,,0.47,,,,2963243,104,1.8,35,63%,13444,20,68.8,11.2,1.13,1.14,1.06,0.93,0.84,0.67,0.94,40.069099,45.038189
8,Australia,27.78449603,27.2294103,25.36869669,21.87473902,17.85830493,14.83290851,13.95467713,15.70786104,18.89074939,22.45708621,25.12711634,26.99410087,21.50667634,80.55664575,75.8091304,61.97969921,31.12384655,30.0032934,23.82774423,23.2956178,20.26907604,17.842302,24.36599329,33.09903097,50.91911991,473.0914998,75667645,1.8,77.38,,9.1,25499884,3,1.8,38,86%,1376255,19,65.5,15.5,1.06,1.06,1.09,0.99,0.93,0.86,0.99,-25.274398,133.775136
9,Austria,-3.516328201,-1.985212834,1.41837768,5.509071032,10.11808196,13.28641799,15.25566661,14.97906912,12.09243845,7.550789705,1.733679666,-2.209829826,6.186012748,67.70153872,65.91356405,75.92148747,90.70466702,113.3636157,137.6559239,136.9994104,131.4175375,94.90541047,77.15084536,92.21007733,77.23976957,1161.183869,12935505,1.5,78.73,7.37,21.8,9006398,109,1.5,43,57%,447718,14.1,66.7,19.2,1.05,1.05,1.04,1,0.98,0.76,0.96,47.516231,14.550072
10,Azerbaijan,-0.200880675,0.803707121,4.970370438,11.64336448,16.80146667,21.72935549,24.76313332,24.11113343,19.83175549,12.88176221,7.32570667,2.032076686,12.22434447,24.67986666,27.42884437,40.52277807,48.43735568,56.82755566,50.86251115,25.20357111,23.08684451,34.15297773,45.41275558,30.50388896,26.76428863,433.8832408,2279546,0.6,43.18,,,10139177,123,2.1,32,56%,47171,23.3,70.7,6,1.11,1.15,1.09,0.96,0.86,0.62,0.98,40.143105,47.576927
11,Bahamas,21.64700063,21.87966664,22.99866676,24.20799955,25.7670002,27.23433368,27.94799996,27.98666636,27.67766698,26.45333354,24.44099998,22.52233378,25.06333351,45.44899877,45.4690005,51.35999934,65.95433426,161.4966634,189.199997,128.6100006,166.293335,175.393336,142.1600011,65.81433233,42.88366699,1280.083659,,,,,,393244,39,1.8,32,86%,,20.5,70.6,9,,,,,,,,25.03428,-77.39628
12,Bahrain,,,,,,,,,,,,,,,,,,,,,,,,,,,5877003,1.29,,,,1701575,"2,239",2,32,89%,38184,19.7,77.9,2.4,1.03,1.03,1.3,1.88,1.81,0.95,-,25.930414,50.637772
13,Bangladesh,18.63493476,21.01671737,25.42158699,28.0238696,28.44604355,28.46058696,28.29665205,28.39132624,28.35523912,27.16500004,23.69999993,19.7381739,25.4709131,6.513110866,16.42229561,45.25682623,138.2985435,256.1708694,443.143696,487.718476,377.6152181,296.0676074,160.5389134,30.39794325,8.380130467,2266.523668,5984155,0.61,42.8,,,164689383,"1,265",2.1,28,39%,317465,28.4,66.5,5.1,1.04,1.04,1,0.93,0.98,0.97,0.97,23.684994,90.356331
14,Barbados,,,,,,,,,,,,,,,,,,,,,,,,,,,,,,,,287375,668,1.6,40,31%,5189,19.1,66,15,1.01,1,0.99,0.99,0.88,0.66,0.94,13.193887,-59.543198
15,Belarus,-6.803837177,-5.495250447,-0.685781832,6.921185873,13.43666371,16.53755746,17.72056632,16.95221244,12.42143359,6.903655752,1.2141008,-3.583363717,6.294930099,35.28662825,28.69100888,33.57938046,39.44459287,53.05616818,77.90209684,82.40036281,68.45391127,55.32492916,43.89991142,47.23418606,44.79355787,610.0667379,2760168,0.45,59.04,,,9449323,47,1.7,40,79%,62572,16.7,68.5,14.8,1.06,1.06,1.06,0.97,0.79,0.46,0.87,53.709807,27.953389
16,Belgium,1.946864119,2.615488235,5.227252932,8.145482288,12.39799993,15.43452942,17.23852932,17.18329418,14.4274117,10.6783882,5.761970576,3.113923557,9.514241274,74.45023548,59.43564718,74.45294077,59.45935238,70.18194064,78.91952919,75.72170617,68.05094057,66.86388173,77.40252955,85.98999966,83.36882288,874.297532,13639487,2.42,74.34,5.76,15.9,11589623,383,1.7,42,98%,517609,17.1,64.3,18.6,1.05,1.05,1.04,1.02,0.98,0.76,0.97,50.503887,4.469936
17,Belize,22.37216632,23.04016654,24.45116647,25.87066682,26.91016643,26.92883333,26.44783338,26.66499996,26.4891669,25.41900031,23.56166681,22.61716652,25.06433296,121.0973345,67.28333346,52.6433328,60.33316676,134.9166667,262.8399989,298.3016688,244.6899948,287.371666,244.1866659,171.4399999,144.1604983,2089.264303,1297533,,,,,397628,17,2.3,25,46%,2001,31.4,64.7,3.9,1.05,1.04,1.04,1.03,0.97,0.89,1.03,17.189877,-88.49765
18,Benin,26.56673672,28.6942106,30.142921,30.20036828,28.9347105,27.12671064,25.83784219,25.44439492,25.8967631,27.14973686,27.15171056,26.39289469,27.46155267,2.162378165,8.146975311,35.99433422,69.75686889,118.8866834,153.8063158,180.2350004,196.309026,180.9526313,76.11636819,8.685076815,3.216246815,1034.26789,,,,,,12123200,108,4.9,19,48%,14374,42.7,54.1,3.2,1.05,1.04,1.04,1.02,0.76,0.66,1.01,9.30769,2.315834
19,Bhutan,0.557168583,2.165202794,5.679099952,8.782621494,11.52844975,14.39315002,14.79762156,14.59121455,13.35409999,9.694573541,5.290076427,2.067335849,8.57504293,6.58304991,8.045757141,26.92092868,93.84278434,162.4775701,366.2757122,446.2278595,330.0250004,238.2685732,84.85221509,12.84192848,4.098578522,1780.459891,275849,,,,,771608,20,2,28,46%,2842,26.6,68.6,4.9,1.05,1.04,1.04,1.14,1.16,1.1,1.09,27.514162,90.433601
20,Bolivia,22.56651426,22.43223419,22.07172541,20.99889782,19.25434212,17.64624468,17.76544163,19.43346287,21.32845602,22.5058025,22.91417185,22.78329805,20.97503004,179.8185053,167.5762953,142.4604308,80.46746344,49.72545579,30.27325327,20.86056467,26.23429658,43.92749987,78.29688745,113.5843377,162.3348095,1095.559801,4122113,1,,,,11673021,11,2.8,26,69%,42401,31.6,61.7,6.7,1.05,1.04,1.03,0.95,0.86,0.79,0.98,-16.290154,-63.588653
21,Bosnia and Herzegovina,-1.355606165,0.402879992,4.00575452,8.436859088,12.94428643,16.33300018,18.52327269,18.47731824,14.9445454,9.953500011,4.805609118,0.727127285,9.016531835,80.860045,76.12309074,77.18963606,89.20518129,95.57872703,100.3121813,83.83186375,83.98540878,84.60286297,87.75686368,110.4808183,101.8305903,1071.757288,,,,,,3280819,64,1.3,43,52%,20106,14.1,69.3,16.6,1.07,1.07,1.07,1.01,0.92,0.64,0.95,43.915886,17.679076
22,Brazil,25.58451186,25.65077184,25.49085319,25.04929326,24.19033924,23.29061903,23.24325361,24.23235125,25.13388081,25.72622215,25.73991086,25.65733499,24.91577183,226.4599222,217.7966163,236.0261218,184.8714065,130.8574456,81.93292589,65.15512118,57.75740555,76.90590207,124.4900123,158.1954052,202.5227092,1762.970993,102000000,0.53,56.29,,,212559417,25,1.7,33,88%,1847020,21.7,69.7,8.6,1.05,1.04,1.03,0.98,0.89,0.74,0.97,-14.235004,-51.92528
23,Brunei,25.34299946,25.47000027,25.92000008,26.45499992,26.5085001,26.25649929,26.03700066,26.08150006,26.04649926,25.92000008,25.47850037,25.6949997,25.93400002,347.7099915,175.3600006,195.8100052,237.3050003,286.2949982,223.1500015,216.2050018,225.9400024,264.1550064,304.7600098,334.1699982,349.9149933,3160.775146,1234455,,,,,437479,83,1.8,32,80%,12455,23,72.4,4.6,1.05,1.06,0.99,0.92,1.04,0.95,0.98,4.535277,114.727669
24,Bulgaria,-1.183475961,0.867380001,4.697314876,9.91599362,14.99442549,18.64327672,20.84746811,20.48827658,16.84593617,11.48252767,5.950780837,1.211842186,10.39676164,43.38176565,43.7655746,44.57887211,52.87440418,66.79419148,69.25597885,51.19059571,42.0538298,36.90091502,40.96080861,56.04055291,55.04621295,602.8437065,1022645,1.63,55.4,,,6948445,64,1.6,45,76%,66250,14.2,65,20.8,1.06,1.06,1.09,1.06,0.88,0.69,0.95,42.733883,25.48583
25,Burkina Faso,25.00453492,27.84060454,30.62862793,32.05473248,31.4724768,29.23294194,27.1148488,26.36330227,26.97117451,28.70565113,27.4734303,25.25387205,28.17636051,0.274303953,1.024455,8.234676235,28.05894402,64.20511615,102.321314,172.8819766,215.3889533,141.8890462,36.40282925,2.786709772,0.818411627,774.2867503,151531,,,,,20903273,76,5.2,18,31%,14593,45.2,52.4,2.4,1.03,1,1.01,1.03,0.77,0.6,0.99,12.238333,-1.561593
26,Cabo Verde,,,,,,,,,,,,,,,,,,,,,,,,,,,140429,,,,,555987,138,2.3,28,68%,,30.2,65.3,4.5,1.03,1.01,1,0.94,0.75,0.61,0.94,16.002082,-24.013197
27,Cambodia,24.86588706,26.52927417,27.92675809,28.94393543,28.49153236,27.72617743,27.34856452,27.26587105,26.96030644,26.59790331,25.81525809,24.8020645,26.93950004,10.91751025,16.01270323,41.89187111,79.2974517,198.4041935,278.3062897,291.2222583,319.2417748,316.9833866,236.0985489,100.9183708,29.38350057,1918.677856,1411059,0.21,,,,16718965,95,2.5,26,24%,26730,31.3,64.3,4.4,1.05,1.02,0.98,0.96,0.65,0.6,0.94,12.565679,104.990963
28,Cameroon,23.88023807,25.35974147,26.27406118,26.43248306,25.5203333,24.33604766,23.36522445,23.29124496,23.72948295,24.28340133,24.2541497,23.60806796,24.52785039,14.95722396,29.45919745,90.06451805,133.6243576,176.4499732,170.7240811,196.0308435,227.8529726,263.2117479,222.5540274,70.24569558,17.8972819,1613.071915,265136,,,,,26545863,56,4.6,19,56%,38632,42.7,54.1,3.2,1.03,1.02,1.01,1.01,0.95,0.87,1.01,7.369722,12.354722
29,Canada,-24.62211663,-23.25358013,-18.71661134,-9.787480609,-0.286830763,7.239879207,11.1066845,9.515218015,3.453914411,-4.358559045,-14.50260723,-21.5228441,-7.144579613,28.74212991,23.16567519,25.30926798,24.86039861,32.81966238,48.52205408,58.90590545,56.42824257,48.66475481,41.35846088,36.85763276,31.83486857,457.4690533,89380000,1.77,71.58,2.52,13.5,37742154,4,1.5,41,81%,1730914,16,67,17,1.06,1.05,1.06,1.03,0.98,0.8,0.98,56.130366,-106.346771
30,Central African Republic,24.28106863,26.01470584,26.95922056,26.75824514,25.88295097,24.64969606,23.76955882,23.70883333,23.84316178,24.30872546,24.24531861,23.64955388,24.83925494,6.809176702,15.6468418,58.39571849,95.9487844,144.6158138,166.265314,206.478726,229.7081368,218.3597057,165.8568777,37.3976586,9.185347576,1354.6681,,,,,,4829767,8,4.8,18,43%,2321,43.2,53.1,3.7,1.03,1.01,1.01,1,0.84,0.64,0.98,6.611111,20.939444
31,Chad,20.66434502,23.09909319,26.54977624,29.55345681,31.03391133,30.74624479,29.26358041,28.20957106,28.36436362,27.2342844,23.79647785,21.29354384,26.65074126,0.210613985,1.383552893,2.263876729,8.360457378,20.86282432,37.11214169,82.39444639,113.7124717,51.30657289,12.40062396,0.352741998,0.145345618,330.5056701,,,,,,16425864,13,5.8,17,23%,11026,47.1,50.4,2.5,1.04,1.03,0.95,0.83,0.79,0.71,0.93,15.454166,18.732207
32,Chile,12.68249008,12.20406357,10.86521091,8.616553965,6.287825488,4.397863245,4.044052941,4.836352041,6.318201129,8.221981086,10.1160003,11.84722488,8.369828303,33.81096318,34.03131091,35.28269345,47.03770477,81.51477812,84.41449319,88.00078075,73.36634929,48.92208178,37.8063041,30.74664531,36.23605347,631.1701657,19517185,0.94,65.44,2.11,,19116201,26,1.7,35,85%,294237,20.3,68.6,11.1,1.04,1.04,1.04,1,0.89,0.72,0.97,-35.675147,-71.542969
33,China,-8.491971784,-5.908786975,0.489740993,7.588355689,13.0679222,17.07086699,19.36835367,18.48085193,13.87163325,7.365577642,-0.486127621,-6.508531021,6.325663982,10.56029156,15.32206318,25.0398143,42.979478,61.95690278,88.85372162,108.606847,97.8437893,61.71557778,34.17286283,17.93762324,9.784966782,574.7739383,611000000,0.43,64.48,4.34,3.6,1439323776,153,1.7,38,61%,14140163,17.7,71.7,10.6,1.15,1.17,1.14,1.04,1.02,0.92,1.06,35.86166,104.195397
34,Colombia,24.6208844,24.98074466,25.14316398,24.7486855,24.35195165,23.89077416,23.78944355,24.04355651,24.21474998,24.29181186,24.38410217,24.38589786,24.40381182,111.6320127,116.8827307,165.6281928,255.5552496,303.0137152,292.9991206,260.7027369,245.2407737,234.0205594,270.6687896,218.0268443,144.2144542,2618.585183,33704037,0.39,67.24,1.7,,50882891,46,1.8,31,80%,327895,23.5,68.9,7.6,1.06,1.05,1.04,0.98,0.88,0.72,0.98,4.570868,-74.297333
35,Congo (Brazzaville),24.69742732,25.31401818,25.59519088,25.61693637,25.25904536,23.82137274,23.0284454,23.33734542,24.0450182,24.54177279,24.51624551,24.47081819,24.52032734,117.4767093,127.1953275,170.4282727,175.4579999,159.7745455,69.34993257,46.5465607,77.33535994,140.6401392,202.9203638,212.9566363,134.969618,1635.051457,,,,,,,,,,,,,,,,,,,,,,,
36,Congo (Kinshasa),24.14152353,24.49987598,24.73284201,24.63286034,24.35096996,23.31449086,22.81781722,23.50636945,24.07934725,24.27383422,24.13091776,23.98510445,24.03883683,126.5308323,122.8728591,165.6419778,160.8450001,110.1464613,61.83914513,63.27559309,91.90514341,126.6582149,170.88144,181.150838,153.2893746,1535.03688,,,,,,,,,,,,,,,,,,,,,,,
37,Costa Rica,23.17321423,23.67242868,24.62050016,25.04357175,24.59721429,23.98971421,24.04935714,23.8489997,23.68050003,23.4338571,23.06164265,23.04107148,23.85092872,129.3673568,78.04183665,73.05362248,143.0090719,304.7957121,381.0549992,352.2092874,392.8714273,392.6000017,460.4449964,342.3749989,218.4428056,3268.266166,1948546,0.84,62.42,,,5094118,100,1.8,33,80%,61021,21.3,68.9,9.5,1.05,1.05,1.04,1.01,0.95,0.86,1.01,9.748917,-83.753428
38,Cote d'Ivoire,25.83699081,27.77344956,28.24647704,28.04679823,27.18741284,25.88173399,24.8706055,24.74437616,25.26803664,25.98793579,26.32167883,25.43134864,26.29971557,10.19480093,36.56456975,80.84101829,120.5328258,161.2289911,212.7543117,158.0203664,168.059201,195.8245869,129.8634222,59.75486253,22.44281931,1356.081776,779482,,,,,26378274,83,4.7,19,51%,44439,,,,,,,,,,,7.539989,-5.54708
39,Croatia,-0.159051895,2.085708211,5.825242869,10.24700361,14.75978572,17.99207125,20.03989301,19.66728544,16.35507148,11.3496107,5.959764318,1.528572984,10.47091069,73.48464339,67.51003538,72.38317858,85.33953462,88.53600012,97.9947488,80.39621462,92.69653511,86.95332159,86.6951076,113.4177486,91.94060802,1037.347682,2093577,0.98,62.68,,,4105267,73,1.4,44,58%,60702,14.7,65.6,19.7,1.06,1.06,1.05,1,0.96,0.69,0.93,45.1,15.2
40,Cuba,22.21161559,22.38671802,23.7453334,24.78764099,26.06489734,26.90994879,27.43600014,27.42956421,26.97528198,26.05556434,24.50476911,23.05328218,25.13007697,36.29623066,38.63146146,48.57169225,73.45205121,176.0717951,198.7038461,144.8284607,166.0075126,190.9976924,157.2694878,67.15207662,31.50456414,1329.486863,560754.3,,,,,11326616,106,1.6,42,78%,,16.1,69.2,14.7,1.06,1.06,1.08,1.01,0.94,0.81,0.99,21.521757,-77.781167
41,Cyprus,10.63832522,11.06824994,12.9914999,16.58000016,20.53675031,24.46600008,27.05250025,27.05250025,24.7840004,20.81325007,16.18925,12.38925004,18.71350002,85.55749893,71.53250122,51.14175034,26.49574995,17.48924995,4.492500008,1.382517518,2.478349985,5.032474875,27.82000017,48.99574948,93.83650017,436.254837,401408,1.79,51.75,,,1207359,131,1.3,37,67%,24280,16.8,69.8,13.4,1.05,1.06,1.19,1.11,0.92,0.77,1.04,35.126413,33.429859
42,Czechia,-2.81324999,-1.059002744,2.804337504,7.494500006,12.29847505,15.41485007,17.10642512,16.90485001,13.49352498,8.586005045,2.819997489,-1.064662,7.665499973,39.57852507,36.5388998,39.51559982,46.29652491,73.55142489,85.16810007,79.24382505,79.00072527,52.40395012,41.58079987,48.23437538,45.88537521,666.9981125,5727200,1,74.62,6.63,11.6,,,,,,246953,15.4,65.6,19,1.06,1.06,1.06,1.05,0.94,0.7,0.97,49.817492,15.472962
43,Denmark,-0.105832358,-0.098094424,2.240596427,5.867971438,10.7730357,14.40178571,15.89142854,15.90235731,13.00767858,9.359057222,4.942146447,1.645597501,7.818978497,55.82442883,36.70250028,44.30832127,39.39428575,47.14789281,54.41657121,64.75007098,67.61267812,71.54546411,74.27100018,77.86814295,64.8085007,698.6498566,,2.24,80,2.61,6.7,5792202,137,1.8,42,88%,347176,16.5,63.8,19.7,1.06,1.05,1.04,0.99,0.99,0.81,0.97,56.26392,9.501785
44,Diamond Princess,,,,,,,,,,,,,,,,,,,,,,,,,,,,,,,,,,,,,,,,,,,,,,,,,
45,Djibouti,23.30685697,24.14071383,25.75328582,27.37100002,29.20042883,31.39328603,32.38042859,31.82942826,30.09042849,27.40228571,25.1785717,23.66914286,27.64300019,8.400000026,17.79899992,18.32428578,26.27671433,14.96471446,2.782385673,29.54385662,40.1580004,12.8719573,7.424271516,9.80571454,7.834299904,196.1852025,,,,,,988000,43,2.8,27,79%,3166,31.1,64.7,4.2,1.03,1.01,0.89,0.71,0.85,0.82,0.84,11.825138,42.590275
46,Dominica,,,,,,,,,,,,,,,,,,,,,,,,,,,,,,,,71986,96,N.A.,N.A.,74%,593,,,,1.05,1.05,1.06,1.03,1.15,0.79,1.02,15.414999,-61.370976
47,Dominican Republic,21.76325011,22.10243738,22.88174999,23.8126874,24.38481259,25.00943756,25.21162474,25.63618755,25.35387504,24.73143744,23.74625015,22.52124989,23.92974985,78.35800004,69.66506314,52.93006194,99.93393779,192.7887487,130.6202502,122.9184999,121.1133115,151.2733755,162.5399976,135.2189364,99.71168661,1417.07188,,0.55,54.67,,,10847910,225,2.4,28,85%,89475,29.3,63.7,7,1.04,1.04,1.04,1.05,1.01,0.86,1.03,18.735693,-70.162651
48,Ecuador,21.70554645,21.78009306,21.92641864,21.95809303,21.54455815,20.87059299,20.41439537,20.7147907,20.97455816,21.25893028,21.29733715,21.5031861,21.32904646,189.3705224,208.4474889,238.6950696,240.7350471,185.0723181,156.9210742,116.1192342,102.4211782,112.6852746,138.8710725,124.554348,131.3812059,1945.273846,5365261,0.66,70.59,,,17643054,71,2.4,28,63%,107914,28.4,64.5,7.1,1.05,1.04,1.03,0.95,0.96,0.91,0.99,-1.831239,-78.183406
49,Egypt,12.93039115,14.60204972,17.83291709,22.44429833,26.26452763,28.82016301,29.12217409,29.09909386,27.27882042,24.09648065,18.67798897,14.27636743,22.12045302,4.526068035,2.778153758,3.270234781,2.349568841,2.375333149,1.837291792,2.35517588,2.702501241,1.331861414,2.609743735,2.354592355,4.422784059,32.91330905,,0.52,45.84,,,102334404,103,3.3,25,43%,302256,33.5,61.4,5.2,1.05,1.07,1.06,1.03,0.98,0.82,1.05,26.820553,30.802498
50,El Salvador,23.95412517,24.47549987,25.70462465,26.35237503,25.90250015,24.86600018,25.15837526,24.9358747,24.2966249,24.227,23.78787518,23.58687473,24.77087498,6.144625126,4.552037405,10.94041246,41.875875,174.9037533,301.9875031,256.7662487,274.4837513,342.2387505,202.9187489,45.69112492,10.30758753,1672.810379,2545105,,,,,6486205,313,2.1,28,73%,26871,27.4,64.4,8.3,1.05,1.05,1.01,0.86,0.8,0.8,0.93,13.794185,-88.89653
51,Equatorial Guinea,24.57122209,25.10199992,25.03666666,24.78666666,24.72411071,23.75922224,22.74955559,22.81711091,23.77411079,23.92044428,24.13377783,24.13777796,24.12599966,111.2874446,129.2128872,221.93111,225.6900007,249.8388909,115.3515549,54.67544577,85.02288818,239.8011119,407.0733337,251.9288907,121.4939991,2213.307563,466435.1,,,,,1402985,50,4.6,22,73%,12142,37.2,60,2.8,1.03,1.03,1.04,1,0.76,0.72,0.99,1.650801,10.267895
52,Eritrea,22.25497508,23.095575,24.83287497,26.87167492,28.45762506,29.18172512,28.27582512,27.63674998,27.48714995,26.70497489,24.93287501,23.08785,26.06832509,8.034174973,5.638749007,6.146080761,10.31680822,13.13807677,17.2951026,72.79900031,76.08079972,18.76711661,9.261622518,9.75968422,10.46705168,257.7042645,102729,,,,,3546421,35,4.1,19,63%,2110,41.8,54.6,3.6,1.03,1.01,0.99,0.97,0.74,0.75,0.97,15.179384,39.782334
53,Estonia,-6.512038451,-6.33000384,-2.353196153,3.925765396,10.34603841,14.7237693,16.52473061,15.62911536,11.00188468,6.258084572,0.846410395,-3.689223032,5.030938424,37.95569229,27.74565374,30.02000016,36.29661531,43.50303855,53.6072307,70.86084615,80.89642275,73.69234672,64.27796173,60.96634571,49.96519221,629.7873441,31981,1.75,72.67,4.69,14.6,1326535,31,1.6,42,68%,31038,16.4,64.2,19.5,1.05,1.05,1.08,1.01,0.81,0.51,0.88,58.595272,25.013607
54,Eswatini,24.19519997,23.9932003,23.06300011,20.69420052,18.34659996,15.72179985,15.90859966,17.61800022,19.76640015,20.61819992,21.77859993,23.26119995,20.41380005,130.3834015,126.9900009,85.2859993,50.05020065,19.92940006,9.836660002,9.24797993,18.46540012,41.39760017,83.55399933,108.55,114.6799973,798.3706787,,,,,,1160164,67,3,21,30%,4657,,,,,,,,,,,-26.522503,31.465866
55,Ethiopia,21.16539296,22.29787528,23.48314092,23.79672355,23.62590245,23.26252847,22.28221416,22.0402059,22.44302168,22.06842546,21.22487996,20.75430355,22.37039295,10.85063657,19.09986256,40.8041924,92.23595869,100.3198329,76.85980415,134.3237997,138.3532051,97.21966341,75.84281217,34.15770729,10.44717328,830.5146461,11501244,,,,,114963588,115,4.3,19,21%,91166,40.6,55.9,3.5,1.03,1.01,0.99,0.99,0.95,0.82,0.99,9.145,40.489673
56,Fiji,24.85849953,25.18500042,24.99650002,24.41149998,22.99300003,22.33850003,21.375,21.62150002,21.96849918,22.80999947,23.57999992,24.31349945,23.37100029,396.769989,332.2949982,475.8149872,324.875,156.465004,140.7649994,104.4000015,126.7099991,126.6650009,179.9600067,259.0250015,281.3699951,2905.11499,1670216,,,,,896445,49,2.8,28,59%,5708,28.5,65.3,6.2,1.05,1.05,1.04,1.05,1.03,0.85,1.03,-16.578193,179.414413
57,Finland,-11.9132004,-11.02967209,-6.090457376,0.037385301,7.094368659,12.89846694,15.17733589,13.10481914,7.905037859,2.247199217,-4.03503832,-9.221927499,1.347861143,32.00874891,24.02013954,26.47526679,28.06930271,33.7214263,49.92105569,66.77148623,72.82703201,58.18945411,50.38744221,45.79040251,36.51934659,524.7011039,13364839,2.08,75.79,3.28,6.1,5540720,18,1.5,43,86%,269654,16.4,62.4,21.2,1.05,1.05,1.04,1.04,0.97,0.76,0.97,61.92411,25.748151
58,France,3.109364661,4.215568975,6.369562667,9.096851194,12.71775755,16.09794169,18.60386509,18.22869439,15.78271783,11.74669207,6.690054645,3.865739593,10.54372223,72.954762,66.58412304,66.70976575,66.51750775,79.9306906,65.94796034,54.66872601,63.73254768,67.73790488,78.27996452,79.65033333,76.21471836,838.929003,70188028,1.3,79.99,5.98,11.6,65273511,119,1.9,42,82%,2707074,18.1,62.2,19.7,1.05,1.05,1.05,1.01,0.93,0.75,0.96,46.227638,2.213749
59,Gabon,25.72017856,25.94074989,26.13985718,26.09148809,25.7298213,24.09466662,22.98474998,23.34514296,24.56785708,25.21679762,25.12973806,25.036869,24.99982139,147.5221552,155.2418213,220.8682147,208.3555948,178.7230947,42.96335706,9.200471406,19.93950865,112.4700717,286.9240485,286.3779764,150.8526785,1819.439003,,,,,,2225734,9,4,23,87%,16877,35.9,59.6,4.5,1.03,1.01,1,1,0.93,0.75,0.99,-0.803689,11.609444
60,Gambia,23.87433306,25.88466644,27.3233331,28.25000064,28.53233337,28.55000051,27.35566648,26.72766622,26.73333359,27.58666738,26.51899974,23.92866643,26.772,0.354433337,0.265556673,0,0.169999997,7.29343367,85.61099752,229.1299998,319.0433248,253.0299988,89.54000092,5.66999992,0.370000003,990.4777425,,,,,,2416668,239,5.3,18,59%,1773,45.3,52.3,2.3,,,,,,,,13.443182,-15.310139
61,Georgia,-5.425151713,-3.9835507,0.72425619,7.623424148,12.26046549,15.66617236,18.80475853,18.44786203,14.62921725,8.741368914,3.256894521,-2.367488229,7.3648176,64.02368973,56.71382799,61.90713804,80.79272421,105.2598964,117.6505864,86.14689584,81.72479314,74.21262018,79.23527527,74.45775867,77.31151679,959.4367255,516034,0.51,51.24,,,3989167,57,2.1,38,58%,15925,19.2,66,14.9,1.08,1.11,1.11,0.95,0.81,0.64,0.92,42.315407,43.356892
62,Germany,-0.477573707,0.556900267,3.874545089,7.687484497,12.27322618,15.4968931,17.18808017,16.96864174,13.90230482,9.431783965,4.270516571,0.880767919,8.504451892,51.21894115,42.01523521,49.10295212,52.48314973,66.26583979,80.23647053,73.67846523,72.36679132,57.54289315,50.33631022,59.02086621,59.23181807,713.4997304,110000000,1.78,73.32,8,29.2,83783942,240,1.6,46,76%,3863344,13.1,65.5,21.5,1.06,1.05,1.04,1.02,0.98,0.78,0.97,51.165691,10.451526
63,Ghana,26.94933765,29.0876363,29.52125973,29.16407788,28.15079221,26.61422073,25.66940266,25.43945451,25.86642852,26.81897396,27.29659744,26.44389616,27.25177926,7.459437974,27.4347259,71.6847145,104.3432862,148.2614682,183.7197402,155.0706101,143.3656754,176.6015969,114.5251038,36.55876378,15.91944552,1184.944583,467438,,,,,31072940,137,3.9,22,57%,67077,38.5,58.1,3.4,1.03,1.01,0.99,0.94,0.95,0.86,0.97,7.946527,-1.023194
64,Greece,4.740834689,5.802926249,8.18870787,11.93027448,16.42262736,20.47670581,22.9545882,22.77458823,19.5181962,14.55128816,10.21321964,6.291762726,13.65550198,81.47909808,72.74554885,63.67178449,47.11611778,42.97251006,28.07848811,21.51652751,19.04879543,28.02345102,66.84056877,91.30358812,105.4268232,668.2232983,15125934,1.22,56.21,4.21,6,10423054,81,1.3,46,85%,214012,14.2,65.4,20.4,1.06,1.06,1.05,0.99,0.96,0.78,0.95,39.074208,21.824312
65,Grenada,,,,,,,,,,,,,,,,,,,,,,,,,,,,,,,,112523,331,2.1,32,35%,1238,26.3,66.4,7.3,1.1,1.08,0.99,1.05,1.05,0.85,1.03,12.262776,-61.604171
66,Guatemala,20.69887173,21.45315388,22.93861536,24.34658985,24.89128206,24.53676938,23.98587183,24.1103589,23.82443589,23.11025664,21.87838454,21.07982039,23.07117961,85.00463218,55.85444327,66.82082049,95.20761519,215.2902556,387.5928176,379.0576888,341.9058959,404.4369225,313.1230754,160.6394111,101.3971285,2606.330732,145795,1.01,67.75,,,17915568,167,2.9,23,52%,81318,35.1,60.3,4.7,1.05,1.04,1.01,0.91,0.91,0.87,0.97,15.783471,-90.230759
67,Guinea,24.24639743,26.20229486,27.62971788,28.23197436,27.47412806,25.58155131,24.51826929,24.12108974,24.63998711,25.13137174,25.08339752,23.71111547,25.5476409,2.250616276,9.436173465,26.37637788,63.79867444,131.5698855,213.4937189,317.0998707,385.6776933,325.3189758,170.6737188,41.87274362,5.994736253,1693.563182,,,,,,13132795,53,4.7,18,39%,13368,42.3,54.6,3.1,1.03,1.02,1.02,1.01,0.92,0.79,1,9.945587,-9.696645
68,Guinea-Bissau,24.26070023,26.19969978,27.85169983,28.91100006,28.82839985,27.57699986,26.16680031,25.66970024,26.16739979,26.85940018,26.56400013,24.24070034,26.60800037,0,0.296003998,0.113999999,2.358702987,42.2126997,177.4,396.2110016,485.4699982,351.2110016,165.4390015,24.6099,1.626659994,1646.948938,,,,,,1968001,70,4.5,19,45%,,40.7,55.5,3,1.03,1,0.98,0.99,0.62,0.6,0.96,11.803749,-15.180413
69,Guyana,25.227697,25.30440897,25.64983333,25.86199986,25.7892576,25.38140904,25.32628793,25.79412119,26.38793945,26.66374235,26.46074246,25.69659092,25.79536357,176.5443337,129.4687729,148.4168636,202.0023788,341.2015147,355.0465173,291.1801504,204.0034862,109.9959391,100.8727273,120.4209547,185.532863,2364.686485,26069,,,,,786552,4,2.5,27,27%,4121,28.1,65.7,5.3,1.05,1.04,1.05,1.09,0.82,0.71,1.02,4.860416,-58.93018
70,Haiti,22.50361545,22.79723109,23.47053807,24.16961553,24.91023108,25.65315379,25.87207691,26.06884619,25.80615381,25.28561519,24.19292289,22.96969208,24.47507682,42.99676976,51.40694662,66.04715399,123.6305401,210.1520785,156.2213082,116.1969229,156.668001,185.2423072,202.1330766,116.7493072,52.75669201,1480.201134,,,,,,11402528,414,3,24,57%,8819,33,62.2,4.8,1.01,0.99,1,0.99,0.91,0.81,0.98,18.971187,-72.285215
71,Holy See,,,,,,,,,,,,,,,,,,,,,,,,,,,,,,,,801,"2,003",N.A.,N.A.,N.A.,,,,,,,,,,,,,
72,Honduras,21.30919451,21.98155557,23.37888887,24.41997231,24.99391683,24.49577771,24.04550001,24.27102788,24.21230549,23.44161103,22.37972222,21.70388884,23.38608334,92.33506404,58.82562231,39.32521111,52.16694503,151.6201939,268.5113877,253.2247234,217.1955549,260.1241675,248.8638886,177.3148076,126.2504804,1945.758033,411989,0.76,,,,9904607,89,2.5,24,57%,24449,31.6,63.7,4.7,1.05,1.04,1.04,1.02,0.88,0.77,1.01,15.199999,-86.241905
73,Hungary,-2.033631818,0.85379296,5.436747708,10.71781585,15.49363639,18.51574993,20.10893176,19.69513646,16.13484107,10.80718175,4.893336346,0.11439575,10.06144773,34.47997713,31.79925013,33.5050455,43.27120469,59.79620457,76.26040927,60.16445455,62.2796591,41.4223638,35.48252297,50.74509092,42.54877273,571.7549584,31226848,0.86,47.8,7.02,13.8,9660351,107,1.5,43,72%,170407,14.3,67.1,18.6,1.06,1.06,1.07,1.01,0.85,0.6,0.91,47.162494,19.503304
74,Iceland,-3.168152368,-2.719393469,-2.613699586,-0.459957363,3.06059811,6.382776376,8.294720855,7.566765236,4.286214294,1.209354769,-2.338935389,-3.283378651,1.351408623,100.8341246,85.01034742,88.2211664,65.7100278,58.88523618,68.45745855,73.83304151,87.88438882,94.97476376,115.6596385,99.23540232,101.1156114,1039.821209,7819741,1.68,65.92,3.06,9.1,341243,3,1.8,37,94%,23918,20.1,65.5,14.4,1.05,1.05,1.03,1.02,1.01,0.88,1.01,64.963051,-19.020835
75,India,16.84138028,19.14911736,23.44995907,27.43211193,29.52795685,28.96430849,26.91285115,26.23089838,26.05126142,24.51571704,20.79183961,17.47785111,23.94543419,11.21141204,13.21899921,18.22151804,31.46297056,55.52535258,155.4005277,266.9248361,249.320931,163.0848017,68.8583156,26.114827,12.87276124,1072.217251,164000000,0.79,67.13,,5.2,1380004385,464,2.2,28,35%,2935570,27.8,66.2,6,1.12,1.13,1.13,1.06,1.01,0.9,1.08,20.593684,78.96288
76,Indonesia,25.51422631,25.61871379,25.79327456,26.01760063,26.03886689,25.58653413,25.27499335,25.38657905,25.63197339,25.98793511,25.97899669,25.79795509,25.71897008,280.0841045,246.3237371,282.730138,271.6694821,251.1564811,192.1898146,171.612461,168.4956034,183.8219961,213.8973808,254.9541932,284.5998064,2801.5352,115000000,0.45,60.48,,,273523615,151,2.3,30,56%,1111713,27.4,67.3,5.3,1.05,1.04,1.04,1.04,0.84,0.77,1,-0.789275,113.921327
77,Iran,4.394126459,6.429934747,11.33000331,16.82412303,22.05671403,26.52690254,28.59320125,27.27527797,23.50864698,17.85205353,11.74628659,6.581417277,16.92655784,35.67136584,32.94690575,37.2045847,32.40925447,19.12163351,4.952910833,3.657825817,3.062103453,2.629275634,10.06610761,16.19350379,29.44270131,227.3581723,,0.19,51.7,,,83992949,52,2.2,32,76%,458500,23.7,70.9,5.4,1.05,1.05,1.05,1.04,0.97,0.86,1.03,32.427908,53.688046
78,Iraq,8.880678998,11.12750811,15.12265958,20.70541274,26.53421961,30.78321963,33.29871674,32.88785546,29.44400009,23.58017915,16.08036299,10.51499498,21.57999357,33.03671155,29.96588618,31.07013885,28.77812717,11.88643063,0.811658092,0.253603123,0.31094393,0.346357977,8.198239932,21.46511439,30.21245097,196.3356628,2075066,1,41.36,,,40222493,93,3.7,21,73%,224462,40.4,56.4,3.2,1.05,1.04,1.04,1.02,0.91,0.8,1.02,33.223191,43.679291
79,Ireland,4.637929716,4.692518937,5.996478378,7.694678359,10.07362972,12.79905407,14.52613524,14.27683786,12.45910812,10.08116209,6.610897309,5.446402718,9.107924359,121.9655683,86.43527077,90.0751084,65.88391856,76.81940574,67.11305453,66.19089147,88.4015404,99.71183777,115.9695672,112.4298114,119.632622,1110.628609,168000000,1.9,51.89,2.96,6.5,4937786,72,1.8,38,63%,384940,21.6,64.4,13.9,1.06,1.05,1.03,1.01,1,0.86,1,53.41291,-8.24389
80,Israel,11.79342856,12.71614306,14.95814269,18.81799998,21.89571435,24.75171444,26.44942883,26.68157114,25.12385723,22.21900013,17.5692858,13.4018571,19.69800023,60.48757131,43.47957141,32.70047106,12.41275718,1.547614319,0.006190429,0.094761431,0.24285715,0.366195721,9.776652874,27.54842887,60.02638435,248.6894455,7404373,1.11,73.29,3.02,,8655535,400,3,30,93%,387717,27.9,60.4,11.7,1.05,1.05,1.05,1.05,0.96,0.81,1.01,31.046051,34.851612
81,Italy,3.318792178,4.349359532,6.522076176,9.612691603,13.77757853,17.52469845,20.30508735,20.14434361,17.18581272,12.85685643,8.012445943,4.398412154,11.5006943,77.58259531,71.87711897,74.60104761,78.99883343,74.15334157,67.46072564,56.3902375,71.92112481,75.89435692,95.06970605,101.2363727,85.00815855,930.1936173,27630436,1.69,66.59,3.18,12.5,60461826,206,1.3,47,69%,1988636,13.5,63.5,23,1.06,1.04,1,0.98,0.94,0.75,0.93,41.87194,12.56738
82,Jamaica,22.76074982,22.91499996,23.44449997,24.24524975,24.72424984,25.50325012,25.69500017,25.90824986,25.40500021,25.02975035,24.37575007,23.62400007,24.46899986,106.4999971,107.8042488,79.47674847,126.7000008,233.2075005,169.2574997,134.789999,205.7599983,228.4874992,297.0100021,263.8725014,161.3182449,2114.184265,180951.3,,,,,2961167,273,2,31,55%,15702,22.7,67.6,9.7,1.05,1.04,1.01,0.98,0.93,0.81,0.98,18.109581,-77.297508
83,Japan,-1.267703807,-0.888599011,2.52311821,8.702060173,13.52401869,17.34091804,21.33865153,22.74399996,18.75723866,12.77720581,7.053675315,1.748080205,10.36272594,74.25085778,73.71672895,97.02738702,124.1628711,138.9808648,206.799846,212.0352257,187.5588195,193.2361286,126.1938196,98.06853537,71.72607085,1603.757153,126000000,1.33,81.14,13.05,7.3,126476461,347,1.4,48,92%,5154475,12.9,60.1,27,1.06,1.06,1.11,0.98,1,0.77,0.94,36.204824,138.252924
84,Jordan,8.337334251,9.953511387,13.08151428,17.71825714,21.91785714,25.22522861,26.90354282,26.91011434,24.85345704,20.6833143,14.70974279,9.939814281,18.35282849,20.94063441,18.76979718,18.95121722,8.789697045,2.725235155,0.050190657,0.222855138,0.472763714,0.07266657,4.018092301,9.590104806,17.70243726,102.305694,3383805,1.2,64.6,,,10203134,115,2.8,24,91%,44172,35.5,60.7,3.8,1.06,1.05,1.05,1,0.95,0.89,1.02,30.585164,36.238414
85,Kazakhstan,-12.30520401,-11.80396814,-3.957107989,8.237514919,15.79623134,20.97329462,23.40364174,20.88078427,15.00339946,6.184366232,-1.916609249,-8.641941957,5.987870514,16.91463462,14.0704779,17.85037185,23.54566143,25.39939873,25.16384782,27.13935335,20.31587154,16.01251198,23.53742946,22.74864471,19.56678201,252.2649856,7143797,0.57,50.7,,,18776707,7,2.8,31,58%,170326,27.9,65.1,7,0.94,0.98,1.04,0.95,0.78,0.53,0.92,48.019573,66.923684
86,Kenya,24.91740107,25.7118984,26.09907482,25.453091,24.49647059,23.41749186,22.8544385,23.15713365,23.92190376,24.84039041,24.55420322,24.57036369,24.49946529,30.94103634,26.99107486,60.54843333,138.8527169,89.81737928,34.48872359,30.80131361,28.78960054,26.59514849,58.90087696,102.1769039,49.20973796,678.1129423,5935831,0.21,55.59,,,53771296,94,3.5,20,28%,98607,40.5,56.8,2.7,1.02,1.01,1,1.02,0.84,0.77,1,-0.023559,37.906193
87,South Korea,-3.580705466,-1.482939763,3.663566678,10.29084757,15.51035713,19.78050009,23.31209523,23.88307136,18.80342847,12.69655484,5.71207382,-0.671188795,10.65980231,29.27297638,37.58923817,59.69833311,104.7189994,101.9262381,177.641429,292.021189,252.7595233,154.2266648,60.3500715,51.04209564,23.48459516,1344.731349,,0.82,81.97,12.27,10.6,51269185,527,1.1,44,82%,1629532,13.5,72.6,13.9,1.05,1.06,1.12,1.06,0.98,0.71,1,35.907757,127.766922
88,Kuwait,12.35087502,14.65875006,19.23375011,24.21262503,30.66087508,34.72037506,36.24574995,35.87762547,32.77775002,27.1337502,19.89287519,14.07700002,25.15349984,22.8045001,14.35300017,14.99737489,16.56012488,4.813324986,0.192499998,0.389578754,0.422916253,0.248335004,1.726658731,13.77812505,18.30037487,108.5868139,6464847,1,56.21,,,4270571,240,2.1,37,N.A.,137591,21.1,76.6,2.3,1.05,1.08,1.22,1.72,1.31,0.89,1.41,29.31166,47.481766
89,Kyrgyzstan,-14.2591565,-12.71526947,-5.189968368,3.177797575,7.520927229,11.52580593,14.44563887,13.69897292,9.008687092,2.213721624,-5.265054214,-11.04536554,1.093056123,25.40017399,28.26346937,44.49320001,57.4368708,59.13672961,39.36834109,22.35151795,14.29825291,10.74264119,30.68776471,30.5075296,28.03497527,390.7214655,,,,,,6524195,34,3,26,36%,8261,31.8,63.7,4.5,1.07,1.05,1.03,0.96,0.77,0.62,0.96,41.20438,74.766098
90,Laos,18.68878665,20.59778661,23.00969317,25.21025335,25.90490669,25.74945333,25.49483991,25.1973866,24.8346401,23.62138664,21.26730662,19.03274672,23.21746666,19.44291425,18.25714533,38.65748019,97.15126673,189.6513338,271.0158669,281.5909318,340.9230656,247.4627999,151.8767595,74.54232007,27.77552925,1758.347404,1251962,,,,,7275560,32,2.7,24,36%,19127,32.9,63.1,4,1.04,1.02,0.99,0.97,0.96,0.83,0.99,19.85627,102.495496
91,Latvia,-5.865905749,-5.303039987,-1.367246086,4.960762855,11.26071429,15.04362856,16.54891426,15.9355999,11.51279997,6.730854266,1.341335316,-3.278950579,5.626625729,38.08645706,27.5873715,33.59905701,38.11485694,47.07448589,59.89137105,75.62874233,76.42014335,70.86697192,59.01328539,61.21371395,51.37385722,638.870309,4058762,1.77,62.91,5.57,9.7,1886198,30,1.7,44,69%,35045,15.4,64.8,19.8,1.05,1.05,1.07,0.98,0.79,0.48,0.86,56.879635,24.603189
92,Lebanon,7.498274835,8.126649915,10.39425016,13.99574995,17.42424989,20.86999989,22.96849966,23.34824991,21.84250021,18.40225029,13.50157523,8.990674973,15.61349988,162.2374954,123.147501,91.27400017,50.4782505,14.34342456,2.284992455,0,0.115000003,2.293324975,40.76249981,85.00099945,149.1749992,721.1124878,2981937,0.82,64.38,,,6825445,667,2.1,30,78%,58565,23.1,68.4,8.5,1.05,1.05,1.05,1.02,0.88,0.79,1,33.854721,35.862285
93,Liberia,25.26138712,25.87461293,26.43819347,26.3816452,25.81267738,25.09941956,24.13919363,23.89990302,24.54441938,25.12632241,25.44522575,25.00661272,25.2524195,23.75832259,69.85922561,99.44812922,152.9958065,252.7999981,359.9777409,320.8838727,341.7438704,399.097418,261.4387094,125.0875478,52.98961252,2460.080251,,,,,,5057681,53,4.4,19,53%,3221,41.8,55.1,3.1,1.03,1.02,0.97,0.99,0.93,0.97,0.99,6.428055,-9.429499
94,Libya,12.38489949,14.63552455,17.7564501,22.09768019,26.49557023,29.2338274,29.40268868,29.12203892,27.31965483,23.08679359,17.74965987,13.51464804,21.89996952,8.721338248,4.976439942,5.490165494,2.838497874,1.596628034,0.468161406,0.435708037,1.123119133,1.708351643,5.358059545,5.189807515,8.07099734,45.97727403,927153.9,,,,,6871292,4,2.3,29,78%,33018,28.2,67.4,4.4,1.05,1.05,1.06,1.1,1.04,1.01,1.07,26.3351,17.228331
95,Liechtenstein,,,,,,,,,,,,,,,,,,,,,,,,,,,,,,,,38128,238,N.A.,N.A.,15%,,,,,1.26,1.17,0.99,1,0.95,0.84,0.99,47.166,9.555373
96,Lithuania,-5.468630754,-4.625125635,-0.466065369,5.954782046,12.17705127,15.59200001,16.88764093,16.43317937,12.1352051,7.215641047,1.831454624,-2.728376177,6.244905105,38.89417976,28.1443589,36.02315379,40.53556403,51.00005106,67.79541094,77.15746229,75.54674354,67.09469291,56.51282012,61.20410244,51.81310282,651.7216437,26031,1.46,69.49,6.56,15.5,2722289,43,1.7,45,71%,53641,14.8,66.2,19,1.06,1.05,1.07,0.97,0.79,0.51,0.86,55.169438,23.881275
97,Luxembourg,0.37,1.60329998,4.7033,8.11330032,12.42300034,15.50300026,17.39299965,16.89999962,14.04699993,9.75329971,4.4000001,1.37329996,8.88189983,74.29299927,60.61999893,71.18299866,57.73300171,72.19999695,76.33699799,69.44300079,70.43000031,59.84000015,69.79699707,82.26699829,84.66300201,848.8059082,2099102,1.43,,4.66,24.8,625978,242,1.5,40,88%,69453,16.5,69.2,14.3,1.06,1.06,1.05,1.05,1.03,0.79,1.01,49.815273,6.129583
98,Madagascar,24.28832481,24.32305585,23.98713706,23.10093414,21.17232995,19.34973597,18.89226904,19.29708118,20.52720307,22.09930964,23.19394417,23.9313401,22.01356848,283.2403545,257.362944,184.3260864,90.11349736,55.18564119,48.24088787,56.87290681,49.05481522,31.86014077,60.88262443,118.0410101,240.4950771,1475.675992,541290,,,,,27691018,48,4.1,20,39%,12550,41,56.1,2.9,1.03,1.02,1.01,1,0.95,0.83,1,-18.766947,46.869107
99,Malaysia,24.60780013,24.73273335,25.19258098,25.61109519,25.74203805,25.49046664,25.20818098,25.18656197,25.11443814,25.10084763,24.88862861,24.79040958,25.13883809,274.8889424,196.227839,210.433009,227.4344755,239.8427628,196.1619333,190.3369526,220.1920284,251.651144,298.329239,342.4652377,344.8294573,2992.793013,60481772,1.33,68.1,,,32365999,99,2,30,78%,365303,24.3,69.4,6.3,1.07,1.06,1.03,1.02,1.03,0.9,1.03,4.210484,101.975766
100,Maldives,,,,,,,,,,,,,,,,,,,,,,,,,,,1147247,,,,,540544,"1,802",1.9,30,35%,5786,23.4,72.5,4.1,1.05,1.04,1.37,1.34,1,0.89,1.23,3.202778,73.22068
101,Mali,21.24759486,24.17407732,27.33739346,30.53083845,33.06207967,33.38197668,31.81245668,30.62256442,30.57733496,29.55384075,25.64464169,21.65361825,28.29987354,0.03686932,0.340452506,1.06994866,5.181541632,14.34042212,36.78355363,75.30510204,98.16858184,55.81552093,14.89587813,0.950165641,0.121108735,303.0091447,,,,,,20250833,17,5.9,16,44%,17647,47.7,49.8,2.5,1.03,1.01,0.91,0.87,1,1,0.95,17.570692,-3.996166
102,Malta,,,,,,,,,,,,,,,,,,,,,,,,,,,2576898,1.11,68.81,,,441543,"1,380",1.5,43,93%,14859,14.4,66.1,19.4,1.06,1.05,1.06,1.05,0.98,0.81,0.99,35.937496,14.375416
103,Mauritania,20.29522499,22.65558332,25.289975,27.94854447,31.30401676,33.21279437,33.2987194,32.27580003,31.20213054,29.38376945,24.95548611,20.49285278,27.69289724,0.56646233,0.685119805,0.229314249,0.545212222,0.716934002,5.514204391,18.778293,33.6064383,23.49289825,4.072396536,0.999815668,0.797666558,90.00475511,454435.7,,,,,4649658,5,4.6,20,57%,5651,39.9,56.9,3.1,1.03,1.01,0.96,0.86,0.82,0.74,0.93,21.00789,-10.940835
104,Mauritius,25.49699974,25.59700012,25.47699928,24.62000084,22.88699913,21.34000015,20.65299988,20.37999916,20.90299988,21.99699974,23.43300056,24.74300003,23.12700081,265.8099976,283.8399963,245.5800018,223.8500061,156.2400055,121.9700012,121.9300003,105.0199966,69.5,69.93699646,91.33000183,198.0099945,1953.016846,1745291,,,,,1271768,626,1.4,37,41%,14391,18.4,70.7,10.9,1.05,1.04,1.02,1,0.9,0.68,0.97,-20.348404,57.552152
105,Mexico,14.80068138,16.19720312,18.44079487,21.27748718,23.46176421,24.95992897,24.90216903,24.69619459,23.57856962,21.06759515,17.79179676,15.36225141,20.54469315,23.176827,15.90387677,13.14419162,17.0845185,38.82603117,102.022208,132.3791535,134.178239,137.518153,70.57763374,27.61880298,25.70949426,738.1391283,64569640,0.75,70.12,1.38,1.2,128932753,66,2.1,29,84%,1274175,26.7,66.5,6.9,1.05,1.05,1.03,0.93,0.85,0.82,0.96,23.634501,-102.552784
106,Moldova,-3.331875028,-1.729783129,2.931037484,10.25040001,16.05231261,19.37999988,20.95662487,20.57974994,16.43912482,10.40999997,4.483337536,-0.414169395,9.667174936,37.06756282,36.51656246,32.49581277,42.69399977,53.73587465,73.77724934,68.08550072,47.45275021,45.2562499,25.61318755,37.77331257,38.42468738,538.8927498,1135999,,,,,4033963,123,1.3,38,43%,11688,15.7,73.4,10.9,1.06,1.06,1.07,1.01,0.85,0.62,0.95,47.411631,28.369885
107,Monaco,,,,,,,,,,,,,,,,,,,,,,,,,,,316,,,,,39242,"26,337",N.A.,N.A.,N.A.,,,,,1.04,1.06,1.06,1,0.99,0.81,0.95,43.750298,7.412841
108,Mongolia,-20.55570001,-17.79580126,-8.801892149,1.687322937,9.79869897,15.16452241,17.19601125,15.47189285,9.231606397,0.771283115,-10.2264778,-17.93002013,-0.49904369,1.638248444,1.721806108,3.903830614,9.530947787,17.36850302,37.36704427,64.06351473,54.1387784,22.3990558,8.161743812,4.448548127,2.48991663,227.2319384,670360,,,,,3278290,2,2.9,28,67%,13637,29.7,66.3,4,1.05,1.04,1.02,0.94,0.85,0.69,0.96,46.862496,103.846656
109,Montenegro,-2.096683362,-0.745555002,2.532773293,6.871116797,11.60444991,14.97149992,17.54649989,17.53999996,13.95616674,8.873399893,3.887216608,-0.057211725,7.906949917,110.9093335,100.9893316,100.8878339,106.4404996,101.5800006,94.53883362,76.74533272,76.77783203,93.87400182,107.0045001,133.456665,123.9783325,1227.182475,565522,0.85,,,,628066,47,1.8,39,68%,5424,18.1,67.1,14.8,1.06,0.97,0.83,1.17,1,0.66,0.99,42.708678,19.37439
110,Morocco,9.677855763,11.17109934,13.08619744,15.09900641,18.60765385,22.22089738,26.0095449,25.86188463,22.70802568,18.22480133,13.74359294,10.29064744,17.2250961,39.4175641,46.01254736,37.24611083,38.82258517,23.73023214,8.181283134,2.554637747,3.792008326,11.93072716,24.64119871,44.02731414,41.91033343,322.2665445,8132917,0.87,45.72,,,36910560,83,2.4,30,64%,119040,27.4,65.8,6.8,1.05,1.03,0.99,0.94,0.99,0.82,0.97,31.791702,-7.09262
111,Mozambique,26.03287268,25.89097756,25.48154302,24.14828092,22.03864045,20.00288763,19.62838577,20.9869626,23.1271049,24.97647936,25.9271236,26.03100379,23.68935959,196.1337189,189.2228844,163.4101314,83.98398475,32.89763754,20.7216163,18.33226292,12.2389316,10.42885542,29.20631757,73.98789504,177.2415575,1007.805793,540124,,,,,31255435,40,4.9,18,38%,15093,44.8,52.1,3.2,1.02,1.01,0.97,0.88,0.92,0.85,0.96,-18.665695,35.529562
112,Namibia,24.26123691,23.60536584,22.67273871,20.32880834,17.1597561,14.44028921,14.14121953,16.06132406,19.23522998,21.57919861,23.00738333,23.96324745,20.03803485,63.88377119,64.58855403,55.49394563,22.07975054,2.646399999,1.329709692,0.417375681,0.554750661,1.768837806,7.942177727,24.19366004,28.93226891,273.8312011,602893,1.53,,,,2540905,3,3.4,22,55%,14368,36.7,59.8,3.6,1.03,1.02,0.99,0.91,0.82,0.75,0.96,-22.95764,18.49041
113,Nepal,4.163715493,5.631057621,10.01947447,14.25160394,16.82016592,18.83018454,18.80676347,18.59044031,17.35074813,13.73368983,9.162981849,5.566967319,12.74394041,20.20541357,30.3687498,39.84215379,53.39621151,95.81723103,212.6144033,363.5676906,299.4651924,203.836346,60.71707736,10.33994999,16.2413481,1406.411774,3296953,0.32,56.88,,,29136808,203,1.9,25,21%,29813,30.9,63.3,5.8,1.04,1.07,1,0.82,0.95,0.86,0.95,28.394857,84.124008
114,Netherlands,1.993774996,2.373549975,4.945006249,7.562912553,11.98356253,14.72187495,16.55093753,16.63987505,13.895625,10.34735012,5.916237473,3.490612522,9.201737643,65.50650048,44.59275008,60.10587502,46.74437428,56.06268716,66.4131248,73.19749928,65.14162517,66.67499995,69.24025011,77.02456331,75.36462498,766.0688782,43996045,2.12,74.65,3.32,6.4,17134872,508,1.7,43,92%,902355,16.4,64.8,18.8,1.05,1.05,1.04,1.01,0.99,0.82,0.98,52.132633,5.291266
115,New Zealand,14.93746088,15.05231919,13.60313737,10.71822522,7.582028705,5.261770812,4.569160265,5.718255688,7.610940831,9.670459121,11.5281061,13.45803651,9.975832156,139.1339122,108.1547997,147.0508266,141.770096,160.2030257,154.6000092,161.3977829,162.5227999,161.4770358,159.375044,143.2337653,152.0265731,1790.945674,17249050,1.53,73.81,2.71,,4822233,18,1.9,38,87%,204671,19.8,64.9,15.3,1.05,1.05,1.06,1,0.95,0.86,0.99,-40.900557,174.885971
116,Nicaragua,23.29517394,23.96665212,24.94928265,25.72204341,25.8083261,25.06819563,24.92697828,24.76910881,24.72354354,24.54152165,23.78634793,23.50780441,24.58878273,110.7874634,56.14888337,36.13920211,47.6719045,197.4482604,372.4345617,337.7528262,296.6445657,299.9452137,313.8458696,193.1637385,144.9868832,2406.969395,,,,,,6624554,55,2.4,26,57%,12528,29,65.5,5.4,1.05,1.04,1.01,0.9,0.86,0.81,0.95,12.865416,-85.207229
117,Niger,19.04764518,21.9109479,26.01169725,30.29249378,32.72850618,32.79324821,31.23617616,30.32259308,30.34765506,28.46805709,23.6613747,20.04426302,27.23872952,0.009048809,0.398386277,0.456981737,1.206664966,6.088459455,16.78670082,48.18817284,64.48350325,21.41649672,1.751014997,0.017741886,0,160.8031721,,,,,,24206644,19,7,15,17%,9443,50.2,47.2,2.6,1.03,1.02,0.98,1,1.08,1.04,1.01,17.607789,8.081666
118,Nigeria,24.59662045,27.00505606,29.12612214,29.88966331,28.93756763,27.3111056,25.84954784,25.37680527,25.92794715,26.77620127,25.92431356,24.66575573,26.78221455,3.459044751,9.59822572,30.82527347,68.79382136,115.3845807,158.4392246,215.140264,230.0152809,197.647878,92.29409343,13.00643457,3.927773064,1138.53189,8169192,,51.59,,,206139589,226,5.4,18,52%,446543,44,53.3,2.8,1.06,1.05,1.04,1.05,0.95,0.91,1.04,9.081999,8.675277
119,North Macedonia,-0.983333632,1.047269075,4.766063582,9.233963706,13.98572705,17.42118159,19.8467272,19.73172725,16.31045445,10.78488185,5.366072676,0.732433635,9.853518182,47.27481807,42.28209079,51.30845469,52.34099995,69.45136226,57.48736364,46.05027286,41.81681789,40.16809151,53.80845469,70.09509035,60.41999956,632.5038341,,0.94,56.38,,,2083374,83,1.5,39,59%,12672,23.7,64.4,11.9,,,,,,,,,
120,Norway,-9.246717863,-8.742843298,-5.493882655,-1.136597512,4.779806773,9.527075941,11.64218776,10.48650463,6.416998319,1.643123021,-3.76011202,-7.068732786,0.753892466,93.14532491,70.42859093,73.1819746,53.40841761,55.35235852,71.4860463,91.23619839,94.86008836,117.050886,122.4970338,104.1826963,105.0111308,1051.840741,,1.75,74.36,3.6,8,5421241,15,1.7,40,83%,417627,17.8,65.4,16.8,1.06,1.05,1.05,1.06,1.02,0.84,1.02,60.472024,8.468946
121,Oman,19.92243922,20.77576628,23.39604683,26.71577568,29.46642988,30.05028967,28.69423364,27.61133641,27.4452804,26.24858885,23.8319439,21.29071975,25.45410276,6.894595908,12.67576167,10.67259816,14.54993174,3.821551413,6.433925908,12.17987102,7.375607762,2.201026658,3.321215797,3.616201203,4.464819903,88.2071068,10438241,1.4,58.15,,,5106626,16,2.9,31,87%,76609,21.8,75.8,2.4,1.05,1.05,1.1,1.38,1.14,0.99,1.19,21.512583,55.923255
122,Pakistan,8.674764942,10.66703804,16.00894755,21.58506914,25.84948605,28.98135998,28.65964798,27.62000213,25.28274552,20.86147547,15.25431114,10.32722951,19.9810149,20.57685859,27.55458004,35.08283752,24.87433679,16.83076367,14.38443926,59.83359899,54.52480837,19.50093155,6.972852979,6.569224634,14.31257204,301.0178051,6880637,0.56,60.59,,,220892340,287,3.6,23,35%,284214,34.8,60.7,4.5,1.05,1.06,1.06,1.08,1.01,0.88,1.06,30.375321,69.345116
123,Panama,24.17899982,24.52808333,25.44154151,25.70049993,25.5563333,24.84962495,25.11662491,24.70537496,24.33920829,24.29812495,23.96395834,23.98975007,24.72233335,61.34904138,34.98904014,36.54699975,115.1956662,296.4237487,258.2604173,232.7712504,271.5829169,272.9029172,419.1041635,325.0383314,162.8620825,2487.02656,12939350,0.98,59.93,,,4314767,58,2.5,30,68%,68536,27.4,64.7,7.9,1.05,1.04,1.04,1.03,0.98,0.85,1.01,8.537981,-80.782127
124,Papua New Guinea,25.46665983,25.39136731,25.35178225,25.28387742,25.15344228,24.50172101,24.06098638,24.27043536,24.74791838,25.25337427,25.56197955,25.59917008,25.053585,304.8495914,299.0889127,329.8272111,276.5226526,253.9525855,218.2035441,220.9854898,216.1098373,224.7356737,245.5602045,227.2716325,288.9504084,3106.057723,964713,,,,,8947024,20,3.6,22,13%,23587,35.9,60.3,3.8,1.05,1.04,1.03,1.06,1.03,1.06,1.04,-6.314993,143.95555
125,Paraguay,27.74297889,27.07519729,25.83748597,23.10340852,20.4004648,18.34182399,18.56788733,20.30451413,22.30332393,24.69654933,26.08631681,27.30230288,23.48019004,126.5990561,112.880395,109.0194298,111.3363166,86.56340153,55.81372239,42.36204567,38.49435613,59.23239494,107.4586193,125.3352257,118.7996339,1093.894596,560631,,,,,7132538,18,2.4,26,62%,40714,29.4,64.2,6.4,1.05,1.04,1.01,1,1.04,0.88,1.01,-23.442503,-58.443832
126,Peru,20.08806747,20.09408896,19.99160259,19.77669411,19.21447317,18.36914734,18.05042635,18.73233625,19.29248495,19.74634304,20.08035172,20.04187198,19.45650895,169.5389688,173.356178,176.5724627,142.6361507,112.3328667,85.035903,74.48055375,69.59673764,92.18485851,133.8596421,128.7132909,154.9345052,1513.242119,17758527,0.61,56.15,,,32971854,26,2.3,31,79%,228989,27.4,65.5,7.2,1.05,1.04,1,0.92,0.94,0.9,0.97,-9.189967,-75.015152
127,Philippines,24.06421357,24.30529207,25.13162915,26.1509214,26.54600004,26.01519098,25.60242694,25.52130337,25.55844946,25.44339328,25.0654496,24.5154944,25.32667419,121.9945316,79.8968204,75.18507504,88.10294432,177.6962918,253.8859548,289.2451688,293.5579768,269.3994376,273.1086517,234.9139324,160.605921,2317.592695,43080118,0.42,67.47,,,109581078,368,2.6,26,47%,356814,31.7,63.5,4.8,1.05,1.04,1.04,1.03,0.84,0.72,1.01,12.879721,121.774017
128,Poland,-2.81785478,-1.381512001,2.648257242,7.407790201,12.98050921,15.94673618,17.52228221,17.18154606,13.33271777,8.765477312,3.424191405,-0.584112277,7.868831915,32.8632882,27.46655823,31.06166264,38.80905533,60.88159512,76.342914,78.83467493,71.24127611,51.89465629,43.72552759,46.64925153,40.88864399,600.6590956,9277538,1.22,61.01,6.62,6.9,37846611,124,1.4,42,60%,565854,14.8,68.4,16.8,1.06,1.06,1.05,1.02,0.9,0.64,0.94,51.919438,19.145136
129,Portugal,9.045938105,9.821269036,11.33259286,12.9580381,15.69961907,19.08902384,21.72123814,21.86704758,20.11507148,16.42973807,12.10909999,9.455780904,14.97038087,113.1127379,112.6178102,77.24104791,71.17907197,54.22052379,35.50150018,10.8529928,11.70338813,41.15859531,87.41466677,106.6565713,113.6879283,835.3468323,17367956,1.26,71.88,3.39,4.2,10196709,111,1.3,46,66%,236408,13.6,64.9,21.5,1.07,1.09,1.13,1.03,0.88,0.69,0.96,39.399872,-8.224454
130,Qatar,17.27199936,18.3143336,21.78433355,26.09433301,31.11766688,33.88099924,34.8476677,34.50233332,32.42533239,29.11666679,24.34133339,19.31200028,26.9173336,11.7377669,15.80900033,15.53999996,10.94566663,0.776653333,0.201110007,0.356666683,0.21555666,0,0.227779993,3.62886667,5.782200177,65.22126389,29178923,2.21,73.3,,,2881053,248,1.9,32,96%,191849,13.9,84.8,1.3,1.02,1.03,2.64,4.91,3.38,1.71,3.41,25.354826,51.183884
131,Romania,-3.730534212,-1.37169714,3.403307829,9.389581261,14.4052831,17.55351783,19.18780349,18.8140536,15.1827143,9.733796401,4.141275821,-0.974017785,8.811245525,36.92287481,35.16494632,36.07633924,51.90911596,75.9271073,92.8901967,79.68256235,64.74091962,46.15373196,37.21931241,42.95536598,42.56589285,642.2083626,4908235,1.06,55.06,,,19237691,84,1.6,43,55%,243698,15.3,66.9,17.9,1.06,1.06,1.05,1.02,0.88,0.68,0.95,45.943161,24.96676
132,Russia,-26.99672263,-24.72480511,-16.57495948,-6.740828635,2.904749661,10.96445993,14.79333222,12.00598369,5.559468036,-5.33441781,-17.63777238,-24.07401148,-6.321294479,21.58901948,16.62003815,17.75436065,23.95541909,34.45839587,51.61517154,65.41813863,62.78060407,46.99207362,37.29769579,30.52654018,25.78775713,434.7952136,99327311,0.77,57.59,8.05,8.3,145934462,9,1.8,40,74%,1637892,17.6,68.2,14.2,1.06,1.06,1.05,0.96,0.75,0.45,0.86,61.52401,105.318756
133,Rwanda,19.02029972,19.24330025,19.24689999,19.0432003,18.90359993,18.56110001,18.60289993,19.27940006,19.3441,19.21020012,18.82789974,18.85749989,19.01189995,91.97080002,102.5910988,139.3159981,166.4090004,112.193,27.85670004,11.06326981,40.93549976,91.99150009,116.9694008,149.3050011,112.2022987,1162.803558,1073528,,,,,12952218,525,4.1,20,18%,10209,40.1,56.9,3,1.03,1.02,1,1,0.88,0.7,1,-1.940278,29.873888
134,Saint Kitts and Nevis,,,,,,,,,,,,,,,,,,,,,,,,,,,,,,,,,,,,,,,,,1.02,1.01,0.94,1.05,1,0.83,1,17.357822,-62.782998
135,Saint Lucia,,,,,,,,,,,,,,,,,,,,,,,,,,,,,,,,183627,301,1.4,34,19%,,18.9,71.4,9.7,1.06,1.06,1.03,0.93,0.86,0.83,0.95,13.909444,-60.978893
136,Saint Vincent and the Grenadines,25.30699921,25.29700089,25.89699936,26.68300056,27.71999931,27.92300034,27.61000061,27.70000076,27.60700035,27.32299995,26.88299942,25.88699913,26.81999969,73.63300323,51.82300186,47.34700012,53.84000015,90.86699677,157.9100037,195.9700012,215.0800018,206.5899963,195.1399994,176.6000061,121.1699982,1585.970093,,,,,,,,,,,,23.8,68.5,7.7,1.03,1.02,1.02,1.08,1.06,0.87,1.03,12.984305,-61.287228
137,San Marino,,,,,,,,,,,,,,,,,,,,,,,,,,,,,,,,33931,566,N.A.,N.A.,97%,1591,,,,1.1,1.14,1.06,0.89,0.99,0.81,0.94,43.94236,12.457777
138,Saudi Arabia,15.34813727,17.14322955,20.59955704,24.52809507,28.88904241,31.59246925,32.03722217,32.08259208,30.20979093,25.85390347,20.82820174,16.69964504,24.65100734,6.18950918,5.909462131,11.76544159,16.32148078,8.469877988,1.717972811,3.767786518,3.340917203,0.935681856,2.134936914,6.957013411,5.893370393,73.4034506,39141660,4.85,59.11,,,34813871,16,2.3,32,84%,779289,25.2,71.5,3.3,1.05,1.05,1.15,1.31,1.21,1.05,1.19,23.885942,45.079162
139,Senegal,24.32220585,26.52749998,28.47479419,30.03527941,31.08389717,30.10729419,28.47385297,27.66555887,27.70102941,28.60450001,27.16455889,24.3178088,27.87320583,0.309998968,0.49117868,0.0638725,0.284656073,11.06520457,68.75763665,155.4628082,224.1830891,178.6223389,58.90458814,2.777795873,0.177646912,701.1008162,21038,,,,,16743927,87,4.7,19,49%,23940,42.9,54.1,3,1.03,1.01,0.99,0.85,0.76,0.82,0.94,14.497401,-14.452362
140,Serbia,-1.524620869,0.631609164,4.912364467,10.30677108,15.15600004,18.4084516,20.29148385,20.12970967,16.46532259,10.95878706,5.39666775,1.014950745,10.17899356,50.12851647,46.52345208,49.48609654,59.79377464,78.05529133,88.65225786,67.45238679,57.28603215,56.1268708,47.89822597,63.28945123,61.77129032,726.4636585,2262703,0.74,51.27,,,8737371,100,1.5,42,56%,51523,16.5,66.2,17.4,1.07,1.06,1.06,1.02,0.93,0.7,0.95,44.016521,21.005859
141,Seychelles,,,,,,,,,,,,,,,,,,,,,,,,,,,455201,,,,,98347,214,2.5,34,56%,1644,22.2,69.2,8.6,1.03,1.05,1.1,1.12,1.06,0.64,1.06,-4.679574,55.491977
142,Singapore,,,,,,,,,,,,,,,,,,,,,,,,,,,40401515,0.7,70.84,,,5850342,"8,358",1.2,42,N.A.,362818,15,72.1,12.9,1.07,1.05,0.97,0.95,1,0.83,0.96,1.352083,103.819836
143,Slovakia,-4.166788505,-1.724479512,2.395648854,7.601519227,12.42583073,15.33292297,16.94861544,16.67434619,13.17297305,8.319230832,2.447302322,-2.194476765,7.269396131,43.19834607,42.27207683,42.45176932,53.5108848,81.34453861,101.132039,93.28357682,86.92219221,58.01765369,49.89165394,61.60096139,53.89061532,767.5163105,,1.66,60.02,5.82,9.2,5459642,114,1.5,41,54%,106552,15.4,69.6,15.1,1.07,1.05,1.06,1.02,0.9,0.62,0.94,48.669026,19.699024
144,Slovenia,-2.089266684,-0.129626973,3.375922177,7.578855621,12.16341103,15.39896669,17.37822225,16.94233322,13.86547756,9.208933406,3.580752183,-0.791111103,8.04021112,78.32988993,75.77311028,94.9385554,111.7177773,118.5622211,143.9303343,128.5896666,135.3747779,124.8766674,118.3793335,137.4544449,93.87999895,1361.806763,1094762,1.4,64.58,4.5,6.4,2078938,103,1.6,45,55%,54154,15,66,19.1,1.07,1.06,1.05,1.02,0.97,0.68,0.95,46.151241,14.995463
145,Somalia,25.02980189,25.84745753,27.15640095,27.99510843,28.08744338,27.869349,27.11251414,27.13152823,27.67715092,26.67199534,25.62397163,24.99983495,26.76684425,2.369995511,3.325421516,10.15499658,58.46048912,53.91671234,15.8632675,12.80397378,9.970368445,12.11657701,46.00557726,32.98859331,7.376568128,265.3525398,4486,,,,,15893222,25,6.1,17,47%,4958,46.4,50.8,2.7,1.03,1,1.02,1.07,0.96,0.64,1.01,5.152149,46.199616
146,South Africa,23.19424666,22.65570444,21.10249557,17.74185776,14.24158066,11.16237712,11.07101467,12.97435111,16.02936734,18.3101311,20.48035109,22.19901777,17.59687334,67.2479671,65.66106318,60.41966688,40.07712728,18.4318978,15.42496017,12.77707694,17.70807413,22.22131275,42.56802381,55.07771183,57.16127204,474.7761528,23921748,2.11,64.14,,,59308690,49,2.4,28,67%,358839,29,65.7,5.3,1.02,1.01,0.98,1.02,0.87,0.73,0.98,-30.559482,22.937506
147,Spain,5.594385261,6.763803622,8.598199551,10.65338499,14.26704692,18.49380749,22.02611264,21.8295587,19.00958211,14.0313676,8.965065737,6.073388102,13.02547607,64.26305147,62.03006563,52.14526742,60.28046001,55.63229579,40.74726146,19.88190143,23.53375492,41.66633331,62.27088737,73.48724392,67.04853987,622.9870638,80672105,1.7,78.88,2.97,9.7,46754778,94,1.3,45,80%,1397870,14.7,65.9,19.4,1.07,1.06,1.07,1.04,0.95,0.74,0.98,40.463667,-3.74922
148,Sri Lanka,25.13331803,25.86445479,27.02804531,27.78613645,28.07231817,27.69763617,27.39999997,27.23609083,27.13372733,26.60527264,25.82463655,25.28186373,26.75522735,101.7752729,65.48354513,80.96350115,152.6534096,130.0477278,77.48327313,74.95290947,91.62304549,129.3295902,250.8463627,292.2468158,252.0018179,1699.407282,5882376,0.21,72.53,,,21413249,341,2.2,34,18%,86566,24,65.9,10.1,1.04,1.04,1.03,0.96,0.86,0.74,0.96,7.873054,80.771797
149,Sudan,20.42746266,22.1764658,25.64826551,28.7818871,30.97916059,31.25977739,29.84158661,29.35143879,29.36077105,28.34928456,24.44330681,21.27263433,26.82433383,0.414769725,0.581340365,1.319190206,3.635092715,12.56116259,28.45299053,60.18844945,75.11803215,36.91977467,12.79035358,1.355005876,0.700217542,234.036379,269958.5,,,,,43849260,25,4.4,20,35%,30873,40.8,55.6,3.5,1.05,1.03,1.06,0.94,1.1,1.19,1.02,12.862807,30.217636
150,Suriname,25.04426536,24.99279594,25.34767349,25.63855113,25.7498777,25.577551,25.60432656,26.02173486,26.49602037,26.68769385,26.44683678,25.5859185,25.76608164,208.7748992,162.0448979,201.0591845,257.7181621,358.6442843,317.9393896,252.505306,169.4904077,76.31251043,63.19932681,86.98338785,162.1385101,2316.810265,272347,,,,,586632,4,2.4,29,65%,3774,26.4,66.6,6.9,1.05,1.04,1.04,1.04,0.96,0.76,1.01,3.919305,-56.027783
151,Sweden,-10.06833995,-9.005874851,-4.978183449,0.190548719,6.454493815,11.7402932,13.5051126,12.12043075,7.642314573,2.790239418,-3.808610488,-8.026179554,1.546350562,44.75111317,32.99820389,35.76509375,33.44200963,40.33601624,53.80064728,78.07536253,72.43999048,66.86706141,57.20262473,56.11957292,49.3526377,621.1503333,,1.62,69.23,2.22,5.8,10099265,25,1.9,41,88%,528929,17.5,62.5,19.9,1.06,1.06,1.06,1.03,1.01,0.85,1,60.128161,18.643501
152,Switzerland,-3.237038949,-2.323699446,0.090183323,3.347776128,7.440949962,10.77999992,13.03481105,12.54491107,10.13631117,6.080744438,1.052784998,-1.959079433,4.749057397,119.8908899,109.5118349,120.3194449,140.7409456,153.686111,169.220389,161.645,176.2811118,128.8274439,111.8526115,128.5157784,125.9209451,1646.412455,28857994,1.97,72.44,4.53,11,8654622,219,1.5,43,74%,715360,14.9,66.7,18.4,1.06,1.06,1.04,1.01,1,0.78,0.97,46.818188,8.227512
153,Syria,6.122102737,7.953424666,11.4615356,16.36624654,21.48573975,25.9868631,28.73169868,28.43931509,25.19864391,19.60228766,12.73592601,7.665519165,17.64578075,53.85075341,45.78458926,44.29657535,33.75017793,14.01051231,1.829823835,0.348629641,0.30799096,1.146534385,17.91045759,31.61847936,51.51723295,296.371757,,0.15,,,,17500658,95,2.8,26,60%,60043,36.6,59.1,4.3,1.06,1.05,1.03,0.99,0.98,0.82,1.01,34.802075,38.996815
154,Taiwan,,,,,,,,,,,,,,,,,,,,,,,,,,,,0.7,86.71,,,23816775,673,1.2,42,79%,586104,13.12,73.02,13.86,1.07,1.06,1.05,1,0.96,0.86,0.99,23.69781,120.960515
155,Tanzania,23.04554433,23.21435411,23.18276062,22.64341641,21.73438363,20.34410487,20.09761309,20.98919342,22.29882618,23.41419348,23.52788198,23.17728194,22.30580982,149.4831055,141.4667312,179.4084983,176.8610653,64.45989436,14.0046874,8.188722758,8.066135591,15.87352606,33.16153469,100.8617707,160.5479018,1052.383574,1481557,,,,,59734218,67,4.9,18,37%,62224,44.9,52,3.1,1.03,1.02,1,1.01,0.78,0.75,0.99,-6.369028,34.888822
156,Thailand,23.09945881,25.21181176,27.38371181,28.89401179,28.32002354,27.58078821,27.19063525,26.93073535,26.72906473,26.20493528,24.60277646,22.8512,26.24988821,13.69892297,16.43453116,35.3324017,82.32555279,197.4309413,199.0972176,205.2239825,246.9912344,258.5976459,168.2865412,78.79959763,30.25797508,1532.476545,76053043,0.54,77.95,,,69799978,137,1.5,40,51%,529177,17.3,71.3,11.4,1.05,1.05,1.04,0.98,0.89,0.78,0.97,15.870032,100.992541
157,Timor-Leste,25.464667,25.46733316,25.3556668,25.17949994,24.8125,24.07883326,23.81233311,24.0589997,24.65750027,25.33716647,25.75949987,25.60899989,24.96599992,201.6266658,185.1516647,171.8650029,80.85666784,100.778333,63.10350069,31.70388381,14.76705011,17.92666666,44.70933278,107.2833328,220.0016632,1239.773763,,,,,,1318445,89,4.1,21,33%,2938,43.6,52.8,3.6,1.07,1.06,1.03,0.93,1.04,0.91,1.01,-8.874217,125.727539
158,Togo,26.68522199,28.55455536,29.3108334,28.80727789,27.6044445,26.00722218,25.00650014,24.83461115,25.35533333,26.34105534,26.83705563,26.24411127,26.79911137,5.428679373,18.55499997,63.33944416,99.82222218,134.0994453,169.0544451,186.4733327,183.2170561,194.8633338,105.0088882,20.43083918,8.821483294,1189.114156,566295,,,,,8278724,152,4.4,19,43%,5502,41.6,55.6,2.8,1.03,1.01,1,0.99,0.89,0.76,0.98,8.619543,0.824782
159,Trinidad and Tobago,24.71700001,24.85200024,25.375,26.11800003,26.60000038,26.15149975,26.05799961,26.31350041,26.51799965,26.40849972,26.01849938,25.22000027,25.8625002,74.18149948,44.95499993,40.56700135,60.543499,124.2350044,224.1500015,256.2000046,229.9150009,189.8149948,214.9900055,206.4700012,165.3849945,1831.406982,2525130,,,,,1399488,273,1.7,36,52%,22607,20.7,69.3,10,1.03,1.04,1.09,1.09,0.99,0.77,1.03,10.691803,-61.222503
160,Tunisia,10.43529823,11.86422806,14.2066895,17.38589476,21.67787712,25.97691221,28.75401755,28.68829831,25.67033319,20.6862281,15.45905259,11.55645611,19.36345617,30.09687197,30.42069669,31.41310521,22.38792985,14.09898239,7.580551921,2.333266669,6.553967205,21.7492001,34.6341752,30.31840869,35.50035617,267.0875098,4274199,0.92,57.18,,,11818619,76,2.2,33,70%,38732,24,68,8,1.07,1.06,1.01,0.94,1.03,0.97,0.99,33.886917,9.537499
161,Turkey,-0.524048538,0.980844722,4.771289634,10.01635016,14.47444022,18.53532196,21.82718575,21.65321362,18.11400927,12.5633681,6.846703098,1.944426051,10.93360648,72.00647661,61.08873682,60.5560247,62.0885479,56.45490097,33.84361203,14.58237756,12.00031451,17.46150473,44.10029104,58.66678951,80.43355409,573.2831308,116000000,0.64,69.8,2.81,47,84339067,110,2.1,32,76%,743708,25,66.9,8.2,1.05,1.05,1.04,1.03,0.99,0.8,1.01,38.963745,35.243322
162,United States,-6.310047656,-4.291305868,0.064307638,5.870722223,12.0880164,17.11707506,19.93901474,18.84778506,14.40975967,7.698756063,0.380687626,-4.75929217,6.754627068,44.60232194,41.9686617,51.3995403,49.11009126,60.0936926,64.49006195,65.77780479,65.15188066,61.46557701,49.40508475,50.64151061,50.43044362,654.5366726,889000000,3.79,69.27,,34.7,331002651,36,1.8,38,83%,21439453,18.9,65.7,15.4,1.05,1.04,1.05,1,0.93,0.79,0.97,37.09024,-95.712891
163,Uganda,23.1832682,23.66203664,23.67701209,23.04834145,22.52739025,21.97865865,21.55936584,21.77068282,22.11123189,22.48176824,22.53707321,22.6129879,22.59584155,37.32738062,54.03532933,101.1993177,151.8677192,141.4204763,85.86939074,91.76204891,117.0689271,122.4730734,128.3542687,118.1074875,58.41001227,1207.895434,21537,,,,,45741007,229,5,17,26%,30666,47.7,50.1,2.2,1.03,1,0.98,1,0.93,0.79,0.99,1.373333,32.290275
164,Ukraine,-5.150562074,-3.687454647,1.181138752,9.085106051,15.09039763,18.42148986,19.95016218,19.34438509,14.77610707,8.625605377,2.807329622,-1.976805139,8.205565565,40.08866214,34.92116891,32.65409785,40.66677698,51.35920945,70.05880423,71.8457533,53.94153034,43.49883105,32.89489185,42.55771627,47.30135827,561.7888003,7854842,0.41,52.33,,,43733762,75,1.4,41,69%,150401,15.5,68,16.5,1.06,1.06,1.05,0.96,0.75,0.5,0.86,48.379433,31.16558
165,United Arab Emirates,18.42752183,19.42804353,22.61291305,26.57843482,30.62365225,32.45708681,33.79613047,33.55086949,31.74313023,28.34321752,24.06178259,20.28373909,26.82560888,5.95538693,22.17799987,16.5876085,8.961469567,1.080573912,1.0940613,2.284059144,1.405504359,0.495943042,0.428552171,1.740576066,5.600291309,67.81202548,95533069,2.55,67.04,,,9890402,118,1.4,33,86%,405771,13.9,85,1.1,1.05,1.05,1.47,3.2,2.93,1.69,2.18,23.424076,53.847818
166,United Kingdom,2.993382328,2.968697549,4.655665429,6.74237971,9.815439092,12.76588499,14.43539855,14.28681201,12.21388797,9.47201049,5.524062415,3.849172169,8.310239139,121.1234809,83.9128874,99.31730821,68.66696227,73.53278945,73.76029306,74.37978217,92.8523232,106.1599172,119.1224729,119.1959929,122.2755412,1154.299742,165000000,1.46,74.46,2.54,6.6,67886011,281,1.8,40,83%,2743586,17.7,63.8,18.5,1.05,1.05,1.04,1.04,0.98,0.81,0.99,55.378051,-3.435973
167,Uruguay,23.90368571,23.36737148,21.25715708,17.87892848,14.84398569,11.77401426,11.79495716,12.78172853,14.33018575,16.95224288,19.62181429,22.30431429,17.5674857,114.1446427,128.0214433,115.2928145,97.92901361,96.73090014,89.81602881,105.2152144,95.77968565,103.3437717,107.9537859,103.3858859,92.86407122,1250.477267,,0.6,66.28,,,3473730,20,2,36,96%,59918,21.1,64.3,14.7,1.04,1.04,1.03,0.98,0.89,0.66,0.94,-32.522779,-55.765835
168,Uzbekistan,-3.034863163,-1.554081461,5.377054295,14.09539583,20.42042865,25.3434114,27.70989062,25.30531766,19.5471646,11.62748025,5.361304023,0.034094481,12.51938331,21.37785409,20.22503434,33.72120837,32.70652096,19.26424483,5.47988008,3.296873974,1.453488485,2.382481362,12.46775677,17.11516661,22.33111459,191.8216232,3056558,0.35,,,,33469203,79,2.4,28,50%,60490,28,67.5,4.5,1.06,1.05,1.03,0.99,0.9,0.74,0.99,41.377491,64.585262
169,Venezuela,25.02705429,25.5618305,26.12748131,26.13956278,25.61211864,24.79796952,24.61503726,24.89825082,25.23720673,25.43384061,25.39431189,24.9764034,25.31845425,50.62887862,46.00189405,58.36617438,131.5381796,229.1280576,296.5036264,292.7272684,267.2901693,202.1855861,170.7161796,132.0896815,80.47829091,1957.653987,,0.03,39.66,,,28435940,32,2.3,30,N.A.,70140,27.6,65.8,6.6,1.05,1.05,1.03,0.98,0.92,0.79,0.99,6.42375,-66.58973
170,Vietnam,19.45810531,20.59650002,22.06320175,25.24571927,26.83370167,27.09202636,27.17020174,26.88348243,26.0624912,24.61285093,22.4232105,20.39393861,24.06964913,37.33135089,25.84083774,39.93971926,73.47722811,167.8957022,228.4752017,250.2542725,264.1843611,266.3659659,236.8741488,170.7600177,73.76199073,1835.160793,47049671,0.44,57.7,,,97338579,314,2.1,32,38%,261637,23.1,69.8,7.2,1.11,1.11,1.08,1.01,0.85,0.63,1,14.058324,108.277199
171,Zambia,22.887856,22.93651202,22.90163201,21.911092,19.580152,17.36205201,17.06724006,19.47181199,22.91751202,24.66904,24.19231998,23.11230003,21.58413197,224.0878396,198.0855999,154.7381482,50.78410403,4.677347746,0.368186159,0.05204016,0.231133519,3.630928312,32.0336399,111.5641482,224.5000799,1004.753196,8904,,,,,18383955,25,4.7,18,45%,23946,44.8,52.7,2.5,1.03,1.01,1,1.02,0.88,0.76,1,-13.133897,27.849332
172,Zimbabwe,23.89978674,23.49130877,22.91602947,21.14728677,18.39870585,15.79461769,15.64214705,17.90291908,21.36594861,23.73524994,24.23264707,23.85004407,21.03138971,152.1838096,136.2427209,76.33597085,32.50807358,8.065668408,3.666232399,1.980050666,2.409351702,6.966291845,27.39412283,75.97783058,145.2446478,668.974773,282539,,,,,14862924,38,3.6,19,38%,12818,41.2,56,2.8,1.03,1.02,1.02,1.1,0.58,0.64,1.01,-19.015438,29.154857
